meu_ano,minha_epoca,model,c0,c0_c1,a,gde,rss,r2
2020,Jan_Jun,Exp,0.5802,1.5055,1.49,0.38538691464629693,30370.8472,0.8679148875471583
