meu_ano,minha_epoca,model,c0,c0_c1,a,gde,rss,r2
2020,Jul_Dez,Sph,0.6594,1.2219,0.87,0.5396513626319666,48690.5159,0.8418431670353503
