meu_ano,minha_epoca,model,c0,c0_c1,a,gde,rss,r2
2021,Jul_Dez,Sph,1.2099,2.2566,0.73,0.5361605955862802,316403.648,0.7214164564611938
