meu_ano,minha_epoca,model,c0,c0_c1,a,gde,rss,r2
2021,Jan_Jun,Exp,0.9393,1.892,2.01,0.4964587737843552,478.9406,0.9161918545637655
