meu_ano,minha_epoca,model,c0,c0_c1,a,gde,rss,r2
2022,Jul_Dez,Sph,0.5878,1.1231,0.94,0.5233728074080669,131462.9754,0.488435944900251
