meu_ano,minha_epoca,model,c0,c0_c1,a,gde,rss,r2
2022,Jan_Jun,Sph,0.3875,1.577,0.88,0.24571972098922004,181773.6636,0.6653501699394785
