meu_ano,minha_epoca,model,c0,c0_c1,a,gde,rss,r2
2023,Jul_Dez,Sph,0.7987,1.1988,1.34,0.6662495829162495,216756.1149,0.5937091311188886
