meu_ano,minha_epoca,model,c0,c0_c1,a,gde,rss,r2
2023,Jan_Jun,Exp,0.6264,1.6574,1.46,0.3779413539278388,318309.7565,0.5088510891778771
