meu_ano,minha_epoca,model,c0,c0_c1,a,gde,rss,r2
2024,Jan_Jun,Exp,0.9799,1.3871,1.66,0.7064378920049023,3978.9866,0.5180592782843304
