meu_ano,minha_epoca,model,c0,c0_c1,a,gde,rss,r2
2024,Jul_Dez,Sph,0.551,1.1482,1.71,0.4798815537362829,113127.5457,0.9090305546680683
