meu_ano,minha_epoca,model,c0,c0_c1,a,gde,rss,r2
2020,Jan_Jun,Sph,0.0335,0.0348,5.76,0.9626436781609197,1.3495,0.502952911076047
